[
  {
    "model": "admin.logentry",
    "pk": 1,
    "fields": {
      "action_time": "2020-09-14T17:51:19.644Z",
      "user": 3,
      "content_type": 4,
      "object_id": "4",
      "object_repr": "tata",
      "action_flag": 1,
      "change_message": "[{\"added\": {}}]"
    }
  },
  {
    "model": "admin.logentry",
    "pk": 2,
    "fields": {
      "action_time": "2020-09-14T18:58:36.480Z",
      "user": 3,
      "content_type": 4,
      "object_id": "1",
      "object_repr": "toto",
      "action_flag": 2,
      "change_message": "[{\"changed\": {\"fields\": [\"password\"]}}]"
    }
  },
  {
    "model": "auth.user",
    "pk": 1,
    "fields": {
      "password": "pbkdf2_sha256$216000$BUZpFBhKeXag$ZUgPNzLgjVXzRnaiViYF1hR7SRVItQIt00iysRj31TU=",
      "last_login": "2020-09-14T18:59:01.984Z",
      "is_superuser": false,
      "username": "toto",
      "first_name": "Tata",
      "last_name": "tata",
      "email": "toto@gmail.com",
      "is_staff": false,
      "is_active": true,
      "date_joined": "2020-09-06T22:34:07.988Z",
      "groups": [],
      "user_permissions": []
    }
  },
  {
    "model": "auth.user",
    "pk": 2,
    "fields": {
      "password": "hgfhgf",
      "last_login": null,
      "is_superuser": false,
      "username": "toto52",
      "first_name": "jgkfdjlkgfd",
      "last_name": "hvrjjjrke",
      "email": "hh@gmail.com",
      "is_staff": false,
      "is_active": true,
      "date_joined": "2020-09-06T22:39:55.367Z",
      "groups": [],
      "user_permissions": []
    }
  },
  {
    "model": "auth.user",
    "pk": 3,
    "fields": {
      "password": "pbkdf2_sha256$216000$B1kPKiGNcoaC$RlKK75ryOjg8cfk7THvLPNGPrNn7PE+UjBkXZZeB0N4=",
      "last_login": "2020-09-20T15:31:07.333Z",
      "is_superuser": true,
      "username": "marthe",
      "first_name": "Marthe",
      "last_name": "Coubard",
      "email": "marthe.ekoule@gmail.com",
      "is_staff": true,
      "is_active": true,
      "date_joined": "2020-09-13T22:47:27.902Z",
      "groups": [],
      "user_permissions": []
    }
  },
  {
    "model": "auth.user",
    "pk": 4,
    "fields": {
      "password": "pbkdf2_sha256$216000$43sJwLtvpFH3$lNZp1+DmyhYtos5pikb9iD01NCHnPDzoWsU6mLWL3dg=",
      "last_login": "2020-09-19T18:15:02.038Z",
      "is_superuser": false,
      "username": "tata",
      "first_name": "MARTHE",
      "last_name": "COUBARD",
      "email": "marthe.ekoule@gmail.com",
      "is_staff": false,
      "is_active": true,
      "date_joined": "2020-09-14T17:51:19.439Z",
      "groups": [],
      "user_permissions": []
    }
  },
  {
    "model": "auth.user",
    "pk": 5,
    "fields": {
      "password": "pbkdf2_sha256$216000$npJG4JKlnK0H$QCli1BS7EuPSFNNFOXoAAEmFgR8QGwgQAKJt7oHwyUs=",
      "last_login": "2020-09-20T15:36:27.565Z",
      "is_superuser": false,
      "username": "Sydney",
      "first_name": "Sydney Sophia",
      "last_name": "Coubard",
      "email": "toto@gmail.com",
      "is_staff": false,
      "is_active": true,
      "date_joined": "2020-09-20T15:33:10.079Z",
      "groups": [],
      "user_permissions": []
    }
  },
  {
    "model": "api.dish",
    "pk": 5,
    "fields": {
      "title": "carre d'agneau de lait",
      "price": 30.0,
      "description": "leg of lamps, garlic, salt, pepper, dried, fresh rosemary, olive oil",
      "type": "special",
      "day": "MO",
      "serving_time": "lunch"
    }
  },
  {
    "model": "api.dish",
    "pk": 6,
    "fields": {
      "title": "gigot d'agneau",
      "price": 35.0,
      "description": "salt, pepper, olive oil, garlic",
      "type": "special",
      "day": "TU",
      "serving_time": "lunch"
    }
  },
  {
    "model": "api.dish",
    "pk": 7,
    "fields": {
      "title": "chicken steak",
      "price": 25.0,
      "description": "chicken breats, ginger, paste, garlic paste, onions, black peper powder, coriander leaves, salt, oil",
      "type": "special",
      "day": "WE",
      "serving_time": "lunch"
    }
  },
  {
    "model": "api.dish",
    "pk": 8,
    "fields": {
      "title": "legume smoky chicken",
      "price": 25.0,
      "description": "thym, salt, smoky chicken, oil, pepper, soja sauce",
      "type": "special",
      "day": "TH",
      "serving_time": "lunch"
    }
  },
  {
    "model": "api.dish",
    "pk": 9,
    "fields": {
      "title": "saint jacques shell",
      "price": 45.0,
      "description": "butter, salt, pepper, garlic, saint jacques shell",
      "type": "special",
      "day": "FR",
      "serving_time": "lunch"
    }
  },
  {
    "model": "api.dish",
    "pk": 10,
    "fields": {
      "title": "magret de canard",
      "price": 45.0,
      "description": "salt, peper,garlic",
      "type": "special",
      "day": "SA",
      "serving_time": "lunch"
    }
  },
  {
    "model": "api.dish",
    "pk": 11,
    "fields": {
      "title": "pave de saumon a la creme fraiche",
      "price": 35.0,
      "description": "salmon, onion, olive oil, pepper, creme fraiche, butter, salt, white wine",
      "type": "special",
      "day": "SU",
      "serving_time": "lunch"
    }
  },
  {
    "model": "api.dish",
    "pk": 12,
    "fields": {
      "title": "anguilla de la veille de noel",
      "price": 25.0,
      "description": "carrotte, garlic, onions, pepper, butter, shallot, anguilla",
      "type": "special",
      "day": "MO",
      "serving_time": "dinner"
    }
  },
  {
    "model": "api.dish",
    "pk": 13,
    "fields": {
      "title": "brochette d'anguilles",
      "price": 25.0,
      "description": "anguilla, salt, onions, oil,pepper, skewer",
      "type": "special",
      "day": "TU",
      "serving_time": "dinner"
    }
  },
  {
    "model": "api.dish",
    "pk": 14,
    "fields": {
      "title": "aubergines aux crevettes",
      "price": 25.0,
      "description": "aubergine, prawn, pepper, salt, white wine, onions, garlic",
      "type": "special",
      "day": "WE",
      "serving_time": "dinner"
    }
  },
  {
    "model": "api.dish",
    "pk": 15,
    "fields": {
      "title": "veau aux haricots",
      "price": 30.0,
      "description": "bean, pepper, onions, salt, oil, tomato, calf",
      "type": "special",
      "day": "TH",
      "serving_time": "dinner"
    }
  },
  {
    "model": "api.dish",
    "pk": 16,
    "fields": {
      "title": "rognon de veau a la moutarde",
      "price": 30.0,
      "description": "calf kidney, salt, oil, pepper, moutard, garlic, creme fraiche, butter, white wine",
      "type": "special",
      "day": "FR",
      "serving_time": "dinner"
    }
  },
  {
    "model": "api.dish",
    "pk": 17,
    "fields": {
      "title": "petit roti de boeuf au four",
      "price": 35.0,
      "description": "beef, oil, pepper, salt, garlic, thym,",
      "type": "special",
      "day": "SA",
      "serving_time": "dinner"
    }
  },
  {
    "model": "api.dish",
    "pk": 18,
    "fields": {
      "title": "bifteck beure maitre d'hotel",
      "price": 35.0,
      "description": "butter, steak, salt, parsley, lettuce, lemon, pepper",
      "type": "special",
      "day": "SU",
      "serving_time": "dinner"
    }
  },
  {
    "model": "api.dish",
    "pk": 19,
    "fields": {
      "title": "Salade Caesar",
      "price": 15.0,
      "description": "lettuce, egg, moutard, bread, parsley, grated parmesan, onions, salt, pepper, oil, lemon",
      "type": "starter",
      "day": "*",
      "serving_time": "*"
    }
  },
  {
    "model": "api.dish",
    "pk": 20,
    "fields": {
      "title": "salade Grecque traditionnelle",
      "price": 12.0,
      "description": "lettuce, oil, salt, pepper, onions, lemon, tomato, green pepper",
      "type": "starter",
      "day": "*",
      "serving_time": "*"
    }
  },
  {
    "model": "api.dish",
    "pk": 21,
    "fields": {
      "title": "salade aux pommes plus lardons",
      "price": 11.0,
      "description": "lettuce, potato, bacon, onions, salt, vinegar",
      "type": "starter",
      "day": "*",
      "serving_time": "*"
    }
  },
  {
    "model": "api.dish",
    "pk": 22,
    "fields": {
      "title": "salade de lentilles facile",
      "price": 10.0,
      "description": "lens, salt, pepper, parsley, lettuce,onions, oil",
      "type": "starter",
      "day": "*",
      "serving_time": "*"
    }
  },
  {
    "model": "api.dish",
    "pk": 23,
    "fields": {
      "title": "calmard marines, poels",
      "price": 40.0,
      "description": "squids, butter, salt, pepper, onions",
      "type": "main",
      "day": "*",
      "serving_time": "*"
    }
  },
  {
    "model": "api.dish",
    "pk": 24,
    "fields": {
      "title": "burger",
      "price": 20.0,
      "description": "steak, salt, pepper, oil, bread burger,butter",
      "type": "main",
      "day": "*",
      "serving_time": "*"
    }
  },
  {
    "model": "api.dish",
    "pk": 25,
    "fields": {
      "title": "steak de veau",
      "price": 40.0,
      "description": "steak, butter, pepper, oil, onion,",
      "type": "main",
      "day": "*",
      "serving_time": "*"
    }
  },
  {
    "model": "api.dish",
    "pk": 26,
    "fields": {
      "title": "brochette de lamps",
      "price": 30.0,
      "description": "lamb, pepper, green pepper, oil, onion, garlic",
      "type": "main",
      "day": "*",
      "serving_time": "*"
    }
  },
  {
    "model": "api.dish",
    "pk": 27,
    "fields": {
      "title": "Frites",
      "price": 3.0,
      "description": "Potato",
      "type": "side",
      "day": "*",
      "serving_time": "*"
    }
  },
  {
    "model": "api.dish",
    "pk": 28,
    "fields": {
      "title": "Pasta",
      "price": 10.0,
      "description": "Wheat flour, water",
      "type": "side",
      "day": "*",
      "serving_time": "*"
    }
  },
  {
    "model": "api.dish",
    "pk": 29,
    "fields": {
      "title": "Gratin de pomme de terre",
      "price": 12.0,
      "description": "Potato, Cream",
      "type": "side",
      "day": "*",
      "serving_time": "*"
    }
  },
  {
    "model": "api.dish",
    "pk": 30,
    "fields": {
      "title": "Rice",
      "price": 10.0,
      "description": "Rice",
      "type": "side",
      "day": "*",
      "serving_time": "*"
    }
  },
  {
    "model": "api.dish",
    "pk": 31,
    "fields": {
      "title": "Vanilla ice cream",
      "price": 11.0,
      "description": "Ice cream, vanilla",
      "type": "dessert",
      "day": "*",
      "serving_time": "*"
    }
  },
  {
    "model": "api.dish",
    "pk": 32,
    "fields": {
      "title": "Chocolate cake",
      "price": 12.0,
      "description": "Chocolate, Egg yolk, Wheat floor",
      "type": "dessert",
      "day": "*",
      "serving_time": "*"
    }
  },
  {
    "model": "api.dish",
    "pk": 33,
    "fields": {
      "title": "Apple pie",
      "price": 11.0,
      "description": "Apple, Wheat floor, egg",
      "type": "dessert",
      "day": "*",
      "serving_time": "*"
    }
  },
  {
    "model": "api.dish",
    "pk": 34,
    "fields": {
      "title": "Creme brulee",
      "price": 10.0,
      "description": "Egg, sugar",
      "type": "dessert",
      "day": "*",
      "serving_time": "*"
    }
  },
  {
    "model": "api.deliveryorder",
    "pk": 1,
    "fields": {
      "fullname": null,
      "email": null,
      "owner": null,
      "phone_number": "07403753994",
      "address": "dummy address",
      "date": "2020-09-25",
      "time": "23:15:00"
    }
  },
  {
    "model": "api.deliveryorder",
    "pk": 2,
    "fields": {
      "fullname": null,
      "email": null,
      "owner": null,
      "phone_number": "07403753994",
      "address": "dummy address",
      "date": "2020-09-09",
      "time": "23:21:00"
    }
  },
  {
    "model": "api.deliveryorder",
    "pk": 3,
    "fields": {
      "fullname": null,
      "email": null,
      "owner": null,
      "phone_number": "07403753994",
      "address": "dummy address",
      "date": "2020-09-09",
      "time": "23:21:00"
    }
  },
  {
    "model": "api.deliveryorder",
    "pk": 4,
    "fields": {
      "fullname": null,
      "email": null,
      "owner": null,
      "phone_number": "07403753994",
      "address": "dummy address",
      "date": "2020-09-09",
      "time": "23:21:00"
    }
  },
  {
    "model": "api.deliveryorder",
    "pk": 5,
    "fields": {
      "fullname": null,
      "email": null,
      "owner": null,
      "phone_number": "07403753994",
      "address": "dummy address",
      "date": "2020-09-09",
      "time": "23:21:00"
    }
  },
  {
    "model": "api.deliveryorder",
    "pk": 6,
    "fields": {
      "fullname": null,
      "email": null,
      "owner": null,
      "phone_number": "07403753994",
      "address": "dummy address",
      "date": "2020-09-09",
      "time": "23:21:00"
    }
  },
  {
    "model": "api.deliveryorder",
    "pk": 7,
    "fields": {
      "fullname": null,
      "email": null,
      "owner": null,
      "phone_number": "07403753994",
      "address": "dummy address",
      "date": "2020-09-09",
      "time": "23:21:00"
    }
  },
  {
    "model": "api.deliveryorder",
    "pk": 8,
    "fields": {
      "fullname": "toto",
      "email": "toto@gmail.com",
      "owner": null,
      "phone_number": "+447403753994",
      "address": "12 Kent way",
      "date": "2020-12-12",
      "time": "20:00:00"
    }
  },
  {
    "model": "api.deliveryorder",
    "pk": 9,
    "fields": {
      "fullname": "tata",
      "email": "tata@gmail.com",
      "owner": null,
      "phone_number": "+447403753994",
      "address": "12 Kent way",
      "date": "2020-12-12",
      "time": "20:00:00"
    }
  },
  {
    "model": "api.deliveryorder",
    "pk": 11,
    "fields": {
      "fullname": "Marthe",
      "email": "marthe.ekoule@gmail.com",
      "owner": null,
      "phone_number": "+447403753994",
      "address": "12 kent way",
      "date": "2020-09-15",
      "time": "05:37:00"
    }
  },
  {
    "model": "api.deliveryorder",
    "pk": 12,
    "fields": {
      "fullname": "toto",
      "email": "toto@gmail.com",
      "owner": null,
      "phone_number": "+447403753994",
      "address": "12 kent way",
      "date": "2020-09-23",
      "time": "17:32:00"
    }
  },
  {
    "model": "api.deliveryorder",
    "pk": 13,
    "fields": {
      "fullname": "toto",
      "email": "toto@gmail.com",
      "owner": null,
      "phone_number": "+447403753994",
      "address": "12 kent way",
      "date": "2020-09-23",
      "time": "17:32:00"
    }
  },
  {
    "model": "api.deliveryorder",
    "pk": 14,
    "fields": {
      "fullname": "toto",
      "email": "toto@gmail.com",
      "owner": null,
      "phone_number": "+447403753994",
      "address": "12 kent way",
      "date": "2020-09-23",
      "time": "17:32:00"
    }
  },
  {
    "model": "api.deliveryorder",
    "pk": 15,
    "fields": {
      "fullname": "tata",
      "email": "toto@gmail.com",
      "owner": null,
      "phone_number": "+447403753994",
      "address": "12 kent way",
      "date": "2020-09-23",
      "time": "17:32:00"
    }
  },
  {
    "model": "api.deliveryorder",
    "pk": 16,
    "fields": {
      "fullname": "marthe",
      "email": "marthe.ekoule@gmail.com",
      "owner": null,
      "phone_number": "+447403753994",
      "address": "12 kent way",
      "date": "2020-09-22",
      "time": "19:30:00"
    }
  },
  {
    "model": "api.deliveryorder",
    "pk": 17,
    "fields": {
      "fullname": "tata",
      "email": "marthe.ekoule@gmail.com",
      "owner": null,
      "phone_number": "+447403753994",
      "address": "12 kent way",
      "date": "2020-09-09",
      "time": "19:49:00"
    }
  },
  {
    "model": "api.deliveryorder",
    "pk": 18,
    "fields": {
      "fullname": "tata",
      "email": "marthe.ekoule@gmail.com",
      "owner": null,
      "phone_number": "+447403753994",
      "address": "12 kent way",
      "date": "2020-09-09",
      "time": "19:49:00"
    }
  },
  {
    "model": "api.deliveryorder",
    "pk": 19,
    "fields": {
      "fullname": "marthe",
      "email": "marthe.ekoule@gmail.com",
      "owner": null,
      "phone_number": "+447403753994",
      "address": "12 kent way",
      "date": "2020-09-22",
      "time": "19:53:00"
    }
  },
  {
    "model": "api.deliveryorder",
    "pk": 20,
    "fields": {
      "fullname": "vincent",
      "email": "marthe.ekoule@gmail.com",
      "owner": null,
      "phone_number": "+447403753994",
      "address": "12 kent way",
      "date": "2020-09-22",
      "time": "20:35:00"
    }
  },
  {
    "model": "api.deliveryorder",
    "pk": 21,
    "fields": {
      "fullname": "tata",
      "email": "marthe.ekoule@gmail.com",
      "owner": null,
      "phone_number": "+447403753990",
      "address": "hhjgfdkj",
      "date": "2020-09-25",
      "time": "16:56:00"
    }
  },
  {
    "model": "api.deliveryorder",
    "pk": 22,
    "fields": {
      "fullname": "toto",
      "email": "marthe.coubard@gmail.com",
      "owner": null,
      "phone_number": "+447403753994",
      "address": "12 kent way",
      "date": "2020-09-16",
      "time": "14:04:00"
    }
  },
  {
    "model": "api.deliveryorder",
    "pk": 23,
    "fields": {
      "fullname": "",
      "email": "marthe.ekoule@gmail.com",
      "owner": 3,
      "phone_number": "+447403753994",
      "address": "12 kent way",
      "date": "2020-09-18",
      "time": "21:23:00"
    }
  },
  {
    "model": "api.deliveryorder",
    "pk": 24,
    "fields": {
      "fullname": "toto",
      "email": "marthe.ekoule@gmail.com",
      "owner": 3,
      "phone_number": "+447403753994",
      "address": "12 kent way",
      "date": "2020-09-18",
      "time": "21:23:00"
    }
  },
  {
    "model": "api.deliveryorder",
    "pk": 25,
    "fields": {
      "fullname": "toto",
      "email": "marthe.ekoule@gmail.com",
      "owner": 3,
      "phone_number": "+447403753994",
      "address": "12 kent way",
      "date": "2020-09-18",
      "time": "21:23:00"
    }
  },
  {
    "model": "api.deliveryorder",
    "pk": 26,
    "fields": {
      "fullname": "",
      "email": "marthe.ekoule@gmail.com",
      "owner": 3,
      "phone_number": "+447403753994",
      "address": "12 kent way",
      "date": "2020-09-18",
      "time": "21:23:00"
    }
  },
  {
    "model": "api.deliveryorder",
    "pk": 27,
    "fields": {
      "fullname": "Marthe Coubard",
      "email": "marthe.ekoule@gmail.com",
      "owner": 3,
      "phone_number": "+447403753994",
      "address": "12 kent way",
      "date": "2020-09-23",
      "time": "19:25:00"
    }
  },
  {
    "model": "api.deliveryorder",
    "pk": 28,
    "fields": {
      "fullname": "",
      "email": "marthe.ekoule@gmail.com",
      "owner": 3,
      "phone_number": "+447403753994",
      "address": "12 kent way",
      "date": "2020-09-18",
      "time": "19:26:00"
    }
  },
  {
    "model": "api.deliveryorder",
    "pk": 29,
    "fields": {
      "fullname": "",
      "email": "marthe.ekoule@gmail.com",
      "owner": 3,
      "phone_number": "+447403753994",
      "address": "12 kent way",
      "date": "2020-09-25",
      "time": "17:31:00"
    }
  },
  {
    "model": "api.deliveryorder",
    "pk": 30,
    "fields": {
      "fullname": "",
      "email": "marthe.ekoule@gmail.com",
      "owner": 3,
      "phone_number": "+447403753994",
      "address": "12 kent way",
      "date": "2020-09-23",
      "time": "19:40:00"
    }
  },
  {
    "model": "api.deliveryorder",
    "pk": 31,
    "fields": {
      "fullname": "",
      "email": "marthe.ekoule@gmail.com",
      "owner": 3,
      "phone_number": "+447403753994",
      "address": "12 kent way",
      "date": "2020-09-25",
      "time": "17:31:00"
    }
  },
  {
    "model": "api.deliveryorder",
    "pk": 32,
    "fields": {
      "fullname": "toto",
      "email": "marthe.ekoule@gmail.com",
      "owner": null,
      "phone_number": "+447403753994",
      "address": "12 kent way",
      "date": "2020-09-23",
      "time": "19:43:00"
    }
  },
  {
    "model": "api.deliveryorder",
    "pk": 33,
    "fields": {
      "fullname": "toto",
      "email": "marthe.ekoule@gmail.com",
      "owner": null,
      "phone_number": "+447403753994",
      "address": "12 kent way",
      "date": "2020-09-24",
      "time": "22:13:00"
    }
  },
  {
    "model": "api.deliveryorder",
    "pk": 34,
    "fields": {
      "fullname": "toto",
      "email": "marthe.ekoule@gmail.com",
      "owner": null,
      "phone_number": "+447403753994",
      "address": "12 kent way",
      "date": "2020-09-25",
      "time": "15:13:00"
    }
  },
  {
    "model": "api.tablebooking",
    "pk": 1,
    "fields": {
      "fullname": "IDELETTE MARTHE COUBARD",
      "email": "marthe.ekoule@gmail.com",
      "owner": null,
      "phone_number": "+447403753994",
      "date": "2020-09-24",
      "time": "12:47:00",
      "guest_count": 3,
      "vip": true
    }
  },
  {
    "model": "api.tablebooking",
    "pk": 2,
    "fields": {
      "fullname": "IDELETTE MARTHE COUBARD",
      "email": "marthe.ekoule@gmail.com",
      "owner": null,
      "phone_number": "+447403753994",
      "date": "2020-09-15",
      "time": "18:05:00",
      "guest_count": 1,
      "vip": false
    }
  },
  {
    "model": "api.tablebooking",
    "pk": 3,
    "fields": {
      "fullname": "IDELETTE MARTHE COUBARD",
      "email": "marthe.ekoule@gmail.com",
      "owner": null,
      "phone_number": "+447403753994",
      "date": "2020-09-24",
      "time": "15:10:00",
      "guest_count": 1,
      "vip": false
    }
  },
  {
    "model": "api.tablebooking",
    "pk": 4,
    "fields": {
      "fullname": "IDELETTE MARTHE COUBARD",
      "email": "marthe.ekoule@gmail.com",
      "owner": null,
      "phone_number": "+447403753994",
      "date": "2020-09-03",
      "time": "12:13:00",
      "guest_count": 2,
      "vip": false
    }
  },
  {
    "model": "api.tablebooking",
    "pk": 5,
    "fields": {
      "fullname": "IDELETTE MARTHE COUBARD",
      "email": "marthe.ekoule@gmail.com",
      "owner": null,
      "phone_number": "+447403753994",
      "date": "2020-09-30",
      "time": "12:20:00",
      "guest_count": 3,
      "vip": true
    }
  },
  {
    "model": "api.tablebooking",
    "pk": 6,
    "fields": {
      "fullname": "IDELETTE MARTHE COUBARD",
      "email": "marthe.ekoule@gmail.com",
      "owner": null,
      "phone_number": "+447403753994",
      "date": "2020-09-17",
      "time": "12:17:00",
      "guest_count": 2,
      "vip": false
    }
  },
  {
    "model": "api.tablebooking",
    "pk": 7,
    "fields": {
      "fullname": "IDELETTE MARTHE COUBARD",
      "email": "marthe.ekoule@gmail.com",
      "owner": null,
      "phone_number": "+447403753994",
      "date": "2020-09-16",
      "time": "17:22:00",
      "guest_count": 2,
      "vip": false
    }
  },
  {
    "model": "api.tablebooking",
    "pk": 8,
    "fields": {
      "fullname": "IDELETTE MARTHE COUBARD",
      "email": "marthe.ekoule@gmail.com",
      "owner": null,
      "phone_number": "+447403753994",
      "date": "2020-09-16",
      "time": "18:27:00",
      "guest_count": 1,
      "vip": false
    }
  },
  {
    "model": "api.tablebooking",
    "pk": 9,
    "fields": {
      "fullname": "IDELETTE MARTHE COUBARD",
      "email": "marthe.ekoule@gmail.com",
      "owner": null,
      "phone_number": "+447403753994",
      "date": "2020-09-17",
      "time": "13:27:00",
      "guest_count": 1,
      "vip": false
    }
  },
  {
    "model": "api.tablebooking",
    "pk": 10,
    "fields": {
      "fullname": "IDELETTE MARTHE COUBARD",
      "email": "marthe.ekoule@gmail.com",
      "owner": null,
      "phone_number": "+447403753994",
      "date": "2020-09-22",
      "time": "18:28:00",
      "guest_count": 4,
      "vip": false
    }
  },
  {
    "model": "api.tablebooking",
    "pk": 11,
    "fields": {
      "fullname": "IDELETTE MARTHE COUBARD",
      "email": "marthe.ekoule@gmail.com",
      "owner": null,
      "phone_number": "+447403753994",
      "date": "2020-09-17",
      "time": "19:41:00",
      "guest_count": 1,
      "vip": false
    }
  },
  {
    "model": "api.tablebooking",
    "pk": 12,
    "fields": {
      "fullname": "IDELETTE MARTHE COUBARD",
      "email": "marthe.ekoule@gmail.com",
      "owner": null,
      "phone_number": "+447403753994",
      "date": "2020-09-24",
      "time": "19:42:00",
      "guest_count": 1,
      "vip": false
    }
  },
  {
    "model": "api.tablebooking",
    "pk": 13,
    "fields": {
      "fullname": "tato",
      "email": "marthe.ekoule@gmail.com",
      "owner": null,
      "phone_number": "+447403753994",
      "date": "2020-09-17",
      "time": "19:06:00",
      "guest_count": 4,
      "vip": false
    }
  },
  {
    "model": "api.tablebooking",
    "pk": 14,
    "fields": {
      "fullname": "",
      "email": "",
      "owner": 4,
      "phone_number": "+447403753994",
      "date": "2020-09-09",
      "time": "21:50:00",
      "guest_count": 5,
      "vip": false
    }
  },
  {
    "model": "api.tablebooking",
    "pk": 15,
    "fields": {
      "fullname": "",
      "email": "",
      "owner": 4,
      "phone_number": "+447403753994",
      "date": "2020-09-09",
      "time": "21:50:00",
      "guest_count": 5,
      "vip": false
    }
  },
  {
    "model": "api.tablebooking",
    "pk": 16,
    "fields": {
      "fullname": "ABC",
      "email": "",
      "owner": 4,
      "phone_number": "+447403753994",
      "date": "2020-09-09",
      "time": "21:50:00",
      "guest_count": 5,
      "vip": false
    }
  },
  {
    "model": "api.tablebooking",
    "pk": 17,
    "fields": {
      "fullname": "IDELETTE MARTHE COUBARD",
      "email": "marthe.ekoule@gmail.com",
      "owner": 1,
      "phone_number": "+447403753994",
      "date": "2020-09-16",
      "time": "23:26:00",
      "guest_count": 1,
      "vip": false
    }
  },
  {
    "model": "api.tablebooking",
    "pk": 18,
    "fields": {
      "fullname": null,
      "email": null,
      "owner": 4,
      "phone_number": "+447403753994",
      "date": "2020-09-22",
      "time": "18:13:00",
      "guest_count": 2,
      "vip": false
    }
  },
  {
    "model": "api.tablebooking",
    "pk": 19,
    "fields": {
      "fullname": null,
      "email": null,
      "owner": 4,
      "phone_number": "+447403753994",
      "date": "2020-09-23",
      "time": "16:20:00",
      "guest_count": 2,
      "vip": false
    }
  },
  {
    "model": "api.tablebooking",
    "pk": 20,
    "fields": {
      "fullname": null,
      "email": null,
      "owner": 4,
      "phone_number": "+447403753994",
      "date": "2020-09-16",
      "time": "15:22:00",
      "guest_count": 2,
      "vip": false
    }
  },
  {
    "model": "api.tablebooking",
    "pk": 21,
    "fields": {
      "fullname": null,
      "email": null,
      "owner": null,
      "phone_number": "+447403753994",
      "date": "2020-09-23",
      "time": "17:33:00",
      "guest_count": 7,
      "vip": false
    }
  },
  {
    "model": "api.tablebooking",
    "pk": 22,
    "fields": {
      "fullname": "",
      "email": "marthe.ekoule@gmail.com",
      "owner": null,
      "phone_number": "+447403753994",
      "date": "2020-09-17",
      "time": "17:05:00",
      "guest_count": 2,
      "vip": false
    }
  },
  {
    "model": "api.tablebooking",
    "pk": 23,
    "fields": {
      "fullname": "tata",
      "email": "marthe.ekoule@gmail.com",
      "owner": null,
      "phone_number": "+447403753994",
      "date": "2020-09-16",
      "time": "19:13:00",
      "guest_count": 2,
      "vip": false
    }
  },
  {
    "model": "api.tablebooking",
    "pk": 24,
    "fields": {
      "fullname": "",
      "email": "marthe.ekoule@gmail.com",
      "owner": null,
      "phone_number": "+447403753994",
      "date": "2020-09-23",
      "time": "17:11:00",
      "guest_count": 2,
      "vip": false
    }
  },
  {
    "model": "api.tablebooking",
    "pk": 25,
    "fields": {
      "fullname": "Marthe Coubard",
      "email": "marthe.ekoule@gmail.com",
      "owner": 3,
      "phone_number": "+447403753994",
      "date": "2020-09-19",
      "time": "19:20:00",
      "guest_count": 10,
      "vip": false
    }
  },
  {
    "model": "api.tablebooking",
    "pk": 26,
    "fields": {
      "fullname": "",
      "email": "marthe.ekoule@gmail.com",
      "owner": 3,
      "phone_number": "+447403753994",
      "date": "2020-09-20",
      "time": "20:39:00",
      "guest_count": 2,
      "vip": false
    }
  },
  {
    "model": "api.tablebooking",
    "pk": 27,
    "fields": {
      "fullname": "",
      "email": "marthe.ekoule@gmail.com",
      "owner": 3,
      "phone_number": "+447403753994",
      "date": "2020-09-25",
      "time": "20:58:00",
      "guest_count": 2,
      "vip": false
    }
  },
  {
    "model": "api.tablebooking",
    "pk": 28,
    "fields": {
      "fullname": "",
      "email": "marthe.ekoule@gmail.com",
      "owner": 3,
      "phone_number": "+447403753994",
      "date": "2020-09-23",
      "time": "20:02:00",
      "guest_count": 1,
      "vip": false
    }
  },
  {
    "model": "api.tablebooking",
    "pk": 29,
    "fields": {
      "fullname": "toto",
      "email": "marthe.ekoule@gmail.com",
      "owner": null,
      "phone_number": "+447403753994",
      "date": "2020-09-23",
      "time": "20:34:00",
      "guest_count": 1,
      "vip": false
    }
  },
  {
    "model": "api.cookinglessonbooking",
    "pk": 1,
    "fields": {
      "fullname": "Vincent",
      "email": "marthe.ekoule@gmail.com",
      "owner": null,
      "phone_number": "+447403753994",
      "address": "12 kent way",
      "date": "2020-10-12",
      "type": "live",
      "time": "morning"
    }
  },
  {
    "model": "api.cookinglessonbooking",
    "pk": 2,
    "fields": {
      "fullname": "Vincent",
      "email": "marthe.ekoule@gmail.com",
      "owner": null,
      "phone_number": "+447403753994",
      "address": "12 kent way",
      "date": "2020-10-12",
      "type": "stream",
      "time": "morning"
    }
  },
  {
    "model": "api.cookinglessonbooking",
    "pk": 3,
    "fields": {
      "fullname": "tata",
      "email": "marthe.ekoule@gmail.com",
      "owner": null,
      "phone_number": "+447403753994",
      "address": "12 kent way",
      "date": "2020-10-20",
      "type": "live",
      "time": "afternoon"
    }
  },
  {
    "model": "api.cookinglessonbooking",
    "pk": 4,
    "fields": {
      "fullname": "Vincent",
      "email": "marthe.ekoule@gmail.com",
      "owner": 3,
      "phone_number": "+447403753994",
      "address": "12 kent way",
      "date": "2020-09-23",
      "type": "stream",
      "time": "morning"
    }
  },
  {
    "model": "api.cookinglessonbooking",
    "pk": 5,
    "fields": {
      "fullname": "",
      "email": "marthe.ekoule@gmail.com",
      "owner": 3,
      "phone_number": "+447403753994",
      "address": "12 kent way",
      "date": "2020-10-03",
      "type": "stream",
      "time": "morning"
    }
  },
  {
    "model": "api.eventprebooking",
    "pk": 1,
    "fields": {
      "fullname": "toto",
      "email": "marthe.ekoule@gmail.com",
      "owner": null,
      "phone_number": "+447403753994",
      "address": "12 kent way",
      "date": "2020-09-16",
      "time": "19:32:00"
    }
  },
  {
    "model": "api.eventprebooking",
    "pk": 2,
    "fields": {
      "fullname": "tata",
      "email": "marthe.ekoule@gmail.com",
      "owner": null,
      "phone_number": "+447403753994",
      "address": "12 kent way",
      "date": "2020-09-09",
      "time": "19:59:00"
    }
  },
  {
    "model": "api.eventprebooking",
    "pk": 3,
    "fields": {
      "fullname": "toto",
      "email": "marthe.ekoule@gmail.com",
      "owner": null,
      "phone_number": "+447403753994",
      "address": "12 kent way",
      "date": "2020-10-09",
      "time": "14:29:00"
    }
  },
  {
    "model": "api.eventprebooking",
    "pk": 4,
    "fields": {
      "fullname": "",
      "email": "marthe.ekoule@gmail.com",
      "owner": null,
      "phone_number": "+447403753994",
      "address": "12 kent way",
      "date": "2020-10-04",
      "time": "16:34:00"
    }
  },
  {
    "model": "api.eventprebooking",
    "pk": 5,
    "fields": {
      "fullname": "toto",
      "email": "marthe.ekoule@gmail.com",
      "owner": null,
      "phone_number": "+447403753994",
      "address": "12 kent way",
      "date": "2020-10-10",
      "time": "16:35:00"
    }
  },
  {
    "model": "api.eventprebooking",
    "pk": 6,
    "fields": {
      "fullname": "taata",
      "email": "marthe.ekoule@gmail.com",
      "owner": 3,
      "phone_number": "+447403753994",
      "address": "12 kent way",
      "date": "2020-10-10",
      "time": "14:37:00"
    }
  }
]